inventory_id,snapshot_date,dealer_id,product_id,on_hand_qty,on_order_qty,reorder_point,reorder_qty,last_restock_date,last_sale_date
INV-20251130-00001,30-11-2025,40,134,17,0,16,60,22-11-2025,03-11-2025
INV-20251130-00002,30-11-2025,40,23,215,18,17,30,15-11-2025,12-11-2025
INV-20251130-00003,30-11-2025,40,223,73,10,18,31,30-10-2025,23-11-2025
INV-20251130-00004,30-11-2025,40,130,61,47,9,30,,19-11-2025
INV-20251130-00005,30-11-2025,40,265,5,39,8,20,,04-11-2025
INV-20251130-00006,30-11-2025,40,305,33,8,5,18,24-10-2025,28-11-2025
INV-20251130-00007,30-11-2025,40,222,12,3,14,24,23-11-2025,27-11-2025
INV-20251130-00008,30-11-2025,40,85,250,0,11,39,22-11-2025,17-11-2025
INV-20251130-00009,30-11-2025,40,246,10,5,17,60,17-10-2025,24-11-2025
INV-20251130-00010,30-11-2025,40,178,12,37,12,45,01-11-2025,26-11-2025
INV-20251130-00011,30-11-2025,40,131,34,28,7,27,03-11-2025,06-11-2025
INV-20251130-00012,30-11-2025,40,306,11,0,12,45,29-11-2025,20-11-2025
INV-20251130-00013,30-11-2025,40,165,39,31,9,21,,24-11-2025
INV-20251130-00014,30-11-2025,40,174,36,5,6,15,29-10-2025,15-11-2025
INV-20251130-00015,30-11-2025,40,145,14,1,6,10,,29-11-2025
INV-20251130-00016,30-11-2025,40,161,35,1,16,43,21-10-2025,01-11-2025
INV-20251130-00017,30-11-2025,40,11,18,7,22,84,,01-11-2025
INV-20251130-00018,30-11-2025,40,213,8,39,11,39,,22-11-2025
INV-20251130-00019,30-11-2025,40,141,17,5,7,15,12-11-2025,28-11-2025
INV-20251130-00020,30-11-2025,40,157,55,3,11,19,,20-11-2025
INV-20251130-00021,30-11-2025,40,92,22,20,16,26,22-10-2025,27-11-2025
INV-20251130-00022,30-11-2025,40,150,3,10,8,15,,21-11-2025
INV-20251130-00023,30-11-2025,40,308,3,2,11,39,,23-11-2025
INV-20251130-00024,30-11-2025,40,146,38,1,18,38,26-10-2025,07-11-2025
INV-20251130-00025,30-11-2025,40,87,20,7,6,17,30-11-2025,13-11-2025
INV-20251130-00026,30-11-2025,40,276,14,27,15,47,28-10-2025,18-11-2025
INV-20251130-00027,30-11-2025,40,208,17,9,12,29,10-11-2025,28-11-2025
INV-20251130-00028,30-11-2025,40,10,0,5,38,119,23-11-2025,03-11-2025
INV-20251130-00029,30-11-2025,40,295,2,0,13,40,,02-11-2025
INV-20251130-00030,30-11-2025,40,212,71,2,12,24,30-10-2025,10-11-2025
INV-20251130-00031,30-11-2025,40,183,17,9,10,37,21-11-2025,14-11-2025
INV-20251130-00032,30-11-2025,40,96,9,46,17,53,09-11-2025,11-11-2025
INV-20251130-00033,30-11-2025,40,115,1,15,18,70,01-11-2025,
INV-20251130-00034,30-11-2025,40,57,33,4,30,106,17-10-2025,
INV-20251130-00035,30-11-2025,40,285,1,6,18,49,10-11-2025,
INV-20251130-00036,30-11-2025,40,182,17,37,20,30,,14-11-2025
INV-20251130-00037,30-11-2025,40,82,0,7,16,58,21-11-2025,27-11-2025
INV-20251130-00038,30-11-2025,40,261,36,2,20,42,24-11-2025,09-11-2025
INV-20251130-00039,30-11-2025,40,58,12,6,15,40,06-11-2025,17-11-2025
INV-20251130-00040,30-11-2025,40,291,8,24,5,15,11-11-2025,
INV-20251130-00041,30-11-2025,40,170,17,0,15,38,19-11-2025,27-11-2025
INV-20251130-00042,30-11-2025,40,106,14,199,12,20,18-11-2025,20-11-2025
INV-20251130-00043,30-11-2025,40,36,56,2,22,54,28-10-2025,14-11-2025
INV-20251130-00044,30-11-2025,40,78,40,8,18,49,02-11-2025,03-11-2025
INV-20251130-00045,30-11-2025,40,282,2,10,12,22,29-11-2025,
INV-20251130-00047,30-11-2025,19,83,5,5,5,12,03-11-2025,23-11-2025
INV-20251130-00048,30-11-2025,19,230,39,7,12,32,25-11-2025,01-11-2025
INV-20251130-00049,30-11-2025,19,259,45,1,18,63,29-10-2025,12-11-2025
INV-20251130-00050,30-11-2025,19,239,13,0,11,41,30-11-2025,31-10-2025
INV-20251130-00051,30-11-2025,19,74,16,4,18,62,31-10-2025,21-11-2025
INV-20251130-00052,30-11-2025,19,265,1,10,19,53,25-10-2025,08-11-2025
INV-20251130-00053,30-11-2025,19,38,13,2,25,80,21-10-2025,
INV-20251130-00054,30-11-2025,19,312,175,3,10,37,29-10-2025,21-11-2025
INV-20251130-00055,30-11-2025,19,202,18,21,7,17,27-10-2025,
INV-20251130-00056,30-11-2025,19,42,50,7,32,113,15-11-2025,06-11-2025
INV-20251130-00057,30-11-2025,19,146,5,1,20,57,,
INV-20251130-00059,30-11-2025,19,17,5,1,24,94,28-10-2025,04-11-2025
INV-20251130-00060,30-11-2025,19,88,150,3,9,30,26-11-2025,05-11-2025
INV-20251130-00061,30-11-2025,19,163,9,1,15,54,28-10-2025,07-11-2025
INV-20251130-00063,30-11-2025,19,233,11,0,6,18,27-10-2025,14-11-2025
INV-20251130-00064,30-11-2025,19,66,7,19,14,31,31-10-2025,19-11-2025
INV-20251130-00065,30-11-2025,19,20,51,17,36,79,16-10-2025,13-11-2025
INV-20251130-00066,30-11-2025,19,246,12,15,11,17,,16-11-2025
INV-20251130-00067,30-11-2025,19,120,24,2,13,24,29-11-2025,31-10-2025
INV-20251130-00068,30-11-2025,19,26,11,8,39,85,11-11-2025,12-11-2025
INV-20251130-00069,30-11-2025,19,28,14,67,36,142,,05-11-2025
INV-20251130-00070,30-11-2025,19,23,11,10,39,73,09-11-2025,07-11-2025
INV-20251130-00071,30-11-2025,19,46,14,6,34,103,12-11-2025,26-11-2025
INV-20251130-00073,30-11-2025,19,315,8,1,9,16,22-11-2025,
INV-20251130-00074,30-11-2025,19,131,23,47,15,32,27-10-2025,23-11-2025
INV-20251130-00075,30-11-2025,19,137,16,3,20,35,02-11-2025,11-11-2025
INV-20251130-00076,30-11-2025,19,248,19,10,11,41,05-11-2025,19-11-2025
INV-20251130-00077,30-11-2025,19,203,1,6,5,9,,
INV-20251130-00078,30-11-2025,19,240,52,1,15,40,25-11-2025,08-11-2025
INV-20251130-00079,30-11-2025,19,197,15,7,14,23,21-10-2025,30-11-2025
INV-20251130-00080,30-11-2025,19,106,46,1,6,11,,22-11-2025
INV-20251130-00081,30-11-2025,19,205,4,31,13,30,27-11-2025,28-11-2025
INV-20251130-00082,30-11-2025,19,194,19,9,19,63,29-10-2025,13-11-2025
INV-20251130-00083,31-01-2026,19,178,11,6,13,34,02-11-2025,27-11-2025
INV-20251130-00085,,19,272,77,4,5,17,16-11-2025,04-11-2025
INV-20251130-00086,30-11-2025,19,126,103,5,12,37,20-10-2025,24-11-2025
INV-20251130-00087,30-11-2025,35,171,13,3,10,18,21-10-2025,19-11-2025
INV-20251130-00088,30-11-2025,35,247,35,2,14,46,19-11-2025,07-11-2025
INV-20251130-00089,30-11-2025,35,125,66,4,10,34,16-11-2025,26-11-2025
INV-20251130-00090,30-11-2025,35,57,149,9,26,78,17-11-2025,27-11-2025
INV-20251130-00091,30-11-2025,35,257,205,15,13,32,25-11-2025,08-11-2025
INV-20251130-00092,30-11-2025,35,255,4,5,15,59,07-11-2025,
INV-20251130-00093,30-11-2025,35,275,53,-14,19,39,13-11-2025,03-12-2025
INV-20251130-00094,30-11-2025,35,41,20,33,36,139,22-11-2025,24-11-2025
INV-20251130-00095,30-11-2025,35,260,12,-8,16,62,,08-11-2025
INV-20251130-00096,30-11-2025,35,43,9,3,28,71,18-11-2025,22-11-2025
INV-20251130-00097,30-11-2025,35,151,0,5,19,31,16-11-2025,18-11-2025
INV-20251130-00098,30-11-2025,35,176,134,3,8,29,02-11-2025,
INV-20251130-00099,30-11-2025,35,224,79,48,20,35,06-11-2025,30-11-2025
INV-20251130-00100,30-11-2025,35,198,14,19,10,39,22-10-2025,04-11-2025
INV-20251130-00101,30-11-2025,35,169,66,10,10,17,12-11-2025,24-11-2025
INV-20251130-00102,31-01-2026,35,132,53,50,8,21,11-11-2025,16-11-2025
INV-20251130-00103,30-11-2025,35,264,11,5,13,51,30-11-2025,10-11-2025
INV-20251130-00104,31-01-2026,35,155,6,2,6,11,05-11-2025,16-11-2025
INV-20251130-00105,30-11-2025,35,51,9,18,24,94,13-11-2025,03-11-2025
INV-20251130-00106,30-11-2025,35,49,15,2,27,49,,06-11-2025
INV-20251130-00107,30-11-2025,35,256,10,2,5,17,05-11-2025,08-11-2025
INV-20251130-00108,30-11-2025,35,114,18,0,14,54,22-10-2025,20-11-2025
INV-20251130-00109,30-11-2025,35,225,35,21,11,20,13-11-2025,23-11-2025
INV-20251130-00110,30-11-2025,35,92,3,10,9,33,29-11-2025,03-11-2025
INV-20251130-00111,30-11-2025,35,3,103,1,19,73,17-10-2025,05-11-2025
INV-20251130-00112,30-11-2025,35,140,18,4,5,8,02-11-2025,13-11-2025
INV-20251130-00113,30-11-2025,35,249,4,37,17,32,26-11-2025,20-11-2025
INV-20251130-00114,30-11-2025,35,56,8,4,37,98,03-11-2025,26-11-2025
INV-20251130-00115,30-11-2025,35,250,0,7,14,36,11-11-2025,
INV-20251130-00117,30-11-2025,35,12,3,9,39,88,18-11-2025,13-11-2025
INV-20251130-00118,30-11-2025,35,110,71,2,10,16,15-11-2025,12-11-2025
INV-20251130-00119,30-11-2025,35,153,66,26,13,49,26-10-2025,14-11-2025
INV-20251130-00120,30-11-2025,35,91,15,2,10,19,04-11-2025,23-11-2025
INV-20251130-00121,30-11-2025,35,18,16,25,19,72,,31-10-2025
INV-20251130-00122,30-11-2025,35,10,0,10,33,126,29-11-2025,06-12-2025
INV-20251130-00123,30-11-2025,35,17,89,1,28,107,23-10-2025,
INV-20251130-00124,30-11-2025,35,295,77,7,5,8,,20-11-2025
INV-20251130-00125,30-11-2025,35,130,1,9,17,31,27-10-2025,25-11-2025
INV-20251130-00127,30-11-2025,35,68,15,24,18,71,06-11-2025,
INV-20251130-00128,30-11-2025,35,159,63,193,11,44,22-11-2025,12-11-2025
INV-20251130-00129,30-11-2025,35,156,16,29,14,30,30-11-2025,20-11-2025
INV-20251130-00130,30-11-2025,35,152,12,2,12,40,02-11-2025,27-11-2025
INV-20251130-00131,30-11-2025,35,164,11,3,8,24,21-10-2025,
INV-20251130-00132,30-11-2025,35,315,3,32,6,22,,16-11-2025
INV-20251130-00133,30-11-2025,35,262,8,0,12,30,22-11-2025,20-11-2025
INV-20251130-00134,30-11-2025,35,254,19,19,7,22,29-10-2025,01-11-2025
INV-20251130-00135,30-11-2025,35,97,1,22,18,50,11-11-2025,26-11-2025
INV-20251130-00136,30-11-2025,35,320,9,174,11,34,27-11-2025,15-11-2025
INV-20251130-00137,30-11-2025,35,267,16,3,7,18,07-11-2025,01-11-2025
INV-20251130-00138,30-11-2025,35,64,39,7,38,93,20-11-2025,12-11-2025
INV-20251130-00139,30-11-2025,35,291,5,172,8,15,16-11-2025,20-11-2025
INV-20251130-00140,30-11-2025,35,82,20,6,13,27,16-11-2025,16-11-2025
INV-20251130-00141,30-11-2025,35,127,131,6,13,36,06-11-2025,
INV-20251130-00142,30-11-2025,35,73,10,4,14,31,22-10-2025,03-11-2025
INV-20251130-00143,30-11-2025,35,207,40,1,10,29,04-11-2025,27-11-2025
INV-20251130-00144,30-11-2025,35,47,0,5,32,72,23-10-2025,27-11-2025
INV-20251130-00145,30-11-2025,35,69,147,2,15,37,,23-11-2025
INV-20251130-00146,30-11-2025,11,187,4,16,6,13,,
INV-20251130-00147,30-11-2025,11,63,69,7,35,139,,18-11-2025
INV-20251130-00148,30-11-2025,11,292,132,12,18,48,30-10-2025,19-11-2025
INV-20251130-00149,30-11-2025,11,158,40,3,5,9,,11-11-2025
INV-20251130-00150,30-11-2025,11,171,14,4,17,34,18-11-2025,02-11-2025
INV-20251130-00151,30-11-2025,11,245,4,4,19,47,,23-11-2025
INV-20251130-00152,30-11-2025,11,40,37,2,29,93,24-10-2025,27-11-2025
INV-20251130-00153,30-11-2025,11,205,5,8,10,26,21-10-2025,08-11-2025
INV-20251130-00154,30-11-2025,11,115,33,10,16,31,08-11-2025,23-11-2025
INV-20251130-00155,30-11-2025,11,52,4,1,30,97,18-10-2025,01-11-2025
INV-20251130-00156,30-11-2025,11,219,20,73,17,39,12-11-2025,14-11-2025
INV-20251130-00157,30-11-2025,11,176,46,1,12,27,25-10-2025,06-11-2025
INV-20251130-00158,30-11-2025,11,264,5,6,5,16,,
INV-20251130-00159,30-11-2025,11,293,2,12,6,9,18-10-2025,
INV-20251130-00160,30-11-2025,11,73,42,5,15,23,22-11-2025,05-11-2025
INV-20251130-00161,30-11-2025,11,274,7,111,15,55,28-11-2025,01-11-2025
INV-20251130-00162,30-11-2025,11,122,10,194,7,23,17-11-2025,04-11-2025
INV-20251130-00163,30-11-2025,11,136,14,6,18,33,11-11-2025,01-12-2025
INV-20251130-00164,30-11-2025,11,14,31,3,16,26,13-11-2025,11-11-2025
INV-20251130-00165,30-11-2025,11,107,26,3,20,41,26-10-2025,15-11-2025
INV-20251130-00166,30-11-2025,11,139,229,2,13,51,27-11-2025,06-11-2025
INV-20251130-00167,,11,109,45,-16,6,18,15-11-2025,15-11-2025
INV-20251130-00168,30-11-2025,11,110,18,10,10,19,28-11-2025,15-11-2025
INV-20251130-00169,30-11-2025,11,288,57,6,11,25,12-11-2025,30-11-2025
INV-20251130-00170,30-11-2025,11,58,75,7,15,33,,05-11-2025
INV-20251130-00171,30-11-2025,11,9,2,46,20,51,03-11-2025,29-11-2025
INV-20251130-00172,30-11-2025,11,227,61,2,8,17,,
INV-20251130-00173,30-11-2025,11,311,73,3,18,46,08-11-2025,03-11-2025
INV-20251130-00174,30-11-2025,11,313,54,196,11,39,,13-11-2025
INV-20251130-00175,30-11-2025,11,218,6,6,12,19,02-11-2025,03-11-2025
INV-20251130-00176,30-11-2025,11,43,33,3,32,72,28-11-2025,07-11-2025
INV-20251130-00177,30-11-2025,11,173,80,0,10,39,04-11-2025,19-11-2025
INV-20251130-00178,30-11-2025,11,162,13,27,12,40,30-10-2025,14-12-2025
INV-20251130-00179,30-11-2025,11,159,62,0,14,30,16-10-2025,05-11-2025
INV-20251130-00180,30-11-2025,11,232,74,41,13,40,12-11-2025,23-11-2025
INV-20251130-00181,30-11-2025,11,103,43,46,19,43,28-10-2025,28-11-2025
INV-20251130-00182,30-11-2025,11,216,149,0,8,30,09-11-2025,15-11-2025
INV-20251130-00183,30-11-2025,11,87,33,10,14,43,04-11-2025,31-10-2025
INV-20251130-00184,30-11-2025,11,117,103,6,7,16,16-11-2025,17-11-2025
INV-20251130-00185,30-11-2025,11,80,38,14,15,41,16-11-2025,14-11-2025
INV-20251130-00186,30-11-2025,11,315,100,9,10,18,04-11-2025,11-11-2025
INV-20251130-00187,30-11-2025,11,235,2,32,16,25,18-11-2025,07-11-2025
INV-20251130-00188,30-11-2025,11,132,2,4,14,53,25-11-2025,16-11-2025
INV-20251130-00189,30-11-2025,11,29,6,0,29,110,,25-11-2025
INV-20251130-00190,30-11-2025,11,86,16,10,13,23,27-11-2025,18-11-2025
INV-20251130-00191,30-11-2025,11,3,19,36,32,98,27-11-2025,07-11-2025
INV-20251130-00192,30-11-2025,11,49,12,30,15,36,21-11-2025,
INV-20251130-00193,30-11-2025,11,226,4,0,15,24,17-10-2025,05-11-2025
INV-20251130-00194,30-11-2025,11,97,5,26,19,44,17-11-2025,28-11-2025
INV-20251130-00195,30-11-2025,11,134,5,1,10,18,18-10-2025,24-11-2025
INV-20251130-00196,30-11-2025,11,178,51,36,19,52,,14-11-2025
INV-20251130-00197,30-11-2025,11,246,75,18,10,22,18-10-2025,03-11-2025
INV-20251130-00198,30-11-2025,51,311,6,36,7,15,27-11-2025,31-10-2025
INV-20251130-00199,30-11-2025,51,162,5,9,19,52,,
INV-20251130-00200,30-11-2025,51,117,3,1,14,54,21-10-2025,11-11-2025
INV-20251130-00201,30-11-2025,51,1,13,5,33,129,20-10-2025,11-11-2025
INV-20251130-00202,30-11-2025,51,188,16,20,5,8,23-11-2025,13-11-2025
INV-20251130-00204,30-11-2025,51,236,219,7,11,19,17-10-2025,
INV-20251130-00206,30-11-2025,51,54,15,0,17,28,,
INV-20251130-00207,30-11-2025,51,79,37,2,5,14,20-11-2025,28-11-2025
INV-20251130-00208,30-11-2025,51,219,16,4,9,30,31-10-2025,22-11-2025
INV-20251130-00209,30-11-2025,51,9,6,37,17,49,10-11-2025,26-11-2025
INV-20251130-00210,30-11-2025,51,216,62,5,5,8,24-11-2025,
INV-20251130-00211,30-11-2025,51,243,16,31,15,46,24-10-2025,25-11-2025
INV-20251130-00212,30-11-2025,51,251,13,0,8,15,,
INV-20251130-00213,30-11-2025,51,43,4,8,29,78,07-11-2025,07-11-2025
INV-20251130-00214,30-11-2025,51,122,6,2,16,64,,30-11-2025
INV-20251130-00215,30-11-2025,51,227,0,5,11,42,24-10-2025,03-11-2025
INV-20251130-00216,30-11-2025,51,199,39,0,5,16,30-11-2025,09-11-2025
INV-20251130-00217,30-11-2025,51,97,13,7,15,55,,22-11-2025
INV-20251130-00218,30-11-2025,51,167,0,-6,16,46,21-10-2025,
INV-20251130-00219,30-11-2025,51,102,1,10,14,49,30-11-2025,
INV-20251130-00220,30-11-2025,51,75,239,6,7,20,,07-11-2025
INV-20251130-00221,30-11-2025,51,55,16,2,40,96,20-11-2025,28-11-2025
INV-20251130-00222,30-11-2025,51,245,14,7,11,37,14-11-2025,11-11-2025
INV-20251130-00223,30-11-2025,51,12,70,36,30,105,15-11-2025,19-11-2025
INV-20251130-00224,30-11-2025,51,224,31,1,14,54,27-10-2025,05-11-2025
INV-20251130-00225,30-11-2025,51,105,8,2,19,69,01-11-2025,31-10-2025
INV-20251130-00226,30-11-2025,51,238,7,38,18,57,29-11-2025,16-11-2025
INV-20251130-00227,30-11-2025,51,233,10,3,14,44,,23-11-2025
INV-20251130-00228,30-11-2025,51,282,18,0,17,40,23-10-2025,23-11-2025
INV-20251130-00229,31-01-2026,51,53,0,5,15,37,,
INV-20251130-00230,30-11-2025,51,228,42,28,10,36,18-10-2025,04-11-2025
INV-20251130-00231,30-11-2025,51,51,12,2,19,69,30-11-2025,17-11-2025
INV-20251130-00232,30-11-2025,51,103,13,5,12,26,22-11-2025,06-11-2025
INV-20251130-00233,30-11-2025,51,295,144,31,14,29,25-10-2025,17-11-2025
INV-20251130-00234,30-11-2025,51,127,19,37,15,23,05-11-2025,14-11-2025
INV-20251130-00235,,51,22,16,21,35,124,31-10-2025,
INV-20251130-00236,30-11-2025,51,191,70,3,12,28,19-11-2025,26-11-2025
INV-20251130-00237,30-11-2025,51,284,70,6,16,43,26-11-2025,20-11-2025
INV-20251130-00238,30-11-2025,51,195,14,14,9,21,28-11-2025,06-11-2025
INV-20251130-00240,30-11-2025,51,125,20,0,10,33,27-11-2025,22-11-2025
INV-20251130-00241,31-01-2026,51,112,17,6,7,28,14-11-2025,
INV-20251130-00242,30-11-2025,51,304,15,12,12,32,,06-11-2025
INV-20251130-00243,30-11-2025,51,153,18,0,10,23,21-10-2025,21-11-2025
INV-20251130-00245,30-11-2025,51,20,11,20,37,139,16-11-2025,14-11-2025
INV-20251130-00246,30-11-2025,51,71,13,2,7,18,13-11-2025,09-11-2025
INV-20251130-00247,30-11-2025,51,148,16,25,15,37,,20-11-2025
INV-20251130-00248,30-11-2025,51,272,34,6,19,55,,14-11-2025
INV-20251130-00249,30-11-2025,51,154,19,3,11,20,23-10-2025,14-11-2025
INV-20251130-00250,30-11-2025,51,13,49,4,16,52,22-10-2025,15-11-2025
INV-20251130-00251,30-11-2025,51,257,0,94,11,42,28-10-2025,15-11-2025
INV-20251130-00252,30-11-2025,51,64,11,3,28,42,09-11-2025,17-11-2025
INV-20251130-00253,30-11-2025,46,80,9,49,16,42,19-11-2025,22-11-2025
INV-20251130-00254,30-11-2025,46,136,19,9,10,34,01-11-2025,22-11-2025
INV-20251130-00255,30-11-2025,46,295,67,3,16,26,25-10-2025,05-11-2025
INV-20251130-00256,30-11-2025,46,210,26,11,8,31,02-11-2025,29-11-2025
INV-20251130-00257,30-11-2025,46,205,56,5,20,69,02-11-2025,01-11-2025
INV-20251130-00258,30-11-2025,46,227,224,8,14,39,10-11-2025,06-11-2025
INV-20251130-00259,30-11-2025,46,265,10,1,5,19,,07-11-2025
INV-20251130-00260,30-11-2025,46,38,15,9,23,74,,20-11-2025
INV-20251130-00261,30-11-2025,46,26,15,45,36,105,26-11-2025,29-11-2025
INV-20251130-00262,30-11-2025,46,63,27,-5,35,140,20-10-2025,22-11-2025
INV-20251130-00263,30-11-2025,46,56,83,9,40,82,,08-11-2025
INV-20251130-00264,30-11-2025,46,49,1,0,16,35,04-11-2025,29-11-2025
INV-20251130-00265,30-11-2025,46,76,30,84,15,54,10-11-2025,16-11-2025
INV-20251130-00266,30-11-2025,46,175,24,7,8,13,21-10-2025,24-11-2025
INV-20251130-00267,30-11-2025,46,17,225,11,17,31,19-11-2025,31-10-2025
INV-20251130-00268,30-11-2025,46,68,8,0,7,21,23-11-2025,22-11-2025
INV-20251130-00269,30-11-2025,46,253,49,54,19,41,04-11-2025,15-11-2025
INV-20251130-00270,30-11-2025,46,242,9,3,16,42,26-10-2025,08-12-2025
INV-20251130-00271,30-11-2025,46,10,62,37,39,145,19-11-2025,09-11-2025
INV-20251130-00272,30-11-2025,46,52,6,0,38,105,18-10-2025,04-11-2025
INV-20251130-00273,30-11-2025,46,70,7,30,16,59,18-11-2025,06-11-2025
INV-20251130-00274,30-11-2025,46,246,14,10,15,60,10-11-2025,04-11-2025
INV-20251130-00275,30-11-2025,46,159,7,1,7,13,08-11-2025,27-11-2025
INV-20251130-00276,30-11-2025,46,195,3,2,20,67,,10-11-2025
INV-20251130-00277,30-11-2025,46,116,13,3,14,45,18-10-2025,12-11-2025
INV-20251130-00278,30-11-2025,46,42,16,18,37,137,,
INV-20251130-00279,30-11-2025,46,94,35,7,6,15,29-10-2025,10-11-2025
INV-20251130-00280,30-11-2025,46,92,6,4,9,15,20-11-2025,21-11-2025
INV-20251130-00281,30-11-2025,46,226,3,9,10,39,02-11-2025,
INV-20251130-00282,30-11-2025,46,216,62,42,5,11,27-11-2025,04-11-2025
INV-20251130-00283,30-11-2025,46,13,15,9,40,77,28-11-2025,06-11-2025
INV-20251130-00284,30-11-2025,46,34,52,4,28,49,29-11-2025,15-11-2025
INV-20251130-00285,30-11-2025,46,228,12,0,17,43,23-11-2025,27-11-2025
INV-20251130-00286,30-11-2025,46,272,11,10,19,48,30-11-2025,16-11-2025
INV-20251130-00287,30-11-2025,46,87,6,86,16,55,27-10-2025,24-11-2025
INV-20251130-00289,30-11-2025,46,316,3,0,10,37,30-11-2025,12-11-2025
INV-20251130-00290,30-11-2025,46,30,50,21,40,92,21-10-2025,04-11-2025
INV-20251130-00291,30-11-2025,46,222,5,35,17,45,02-11-2025,19-11-2025
INV-20251130-00292,30-11-2025,46,148,79,19,16,46,,
INV-20251130-00293,30-11-2025,46,251,117,1,15,23,22-10-2025,17-11-2025
INV-20251130-00294,30-11-2025,46,187,16,3,9,29,07-11-2025,28-11-2025
INV-20251130-00295,30-11-2025,46,168,17,3,20,31,27-10-2025,29-11-2025
INV-20251130-00296,30-11-2025,46,123,42,8,14,42,02-11-2025,08-11-2025
INV-20251130-00297,30-11-2025,46,303,15,26,10,37,16-10-2025,10-11-2025
INV-20251130-00298,30-11-2025,46,138,15,36,6,10,,22-11-2025
INV-20251130-00299,30-11-2025,46,198,33,7,17,61,22-10-2025,
INV-20251130-00300,30-11-2025,46,65,79,3,9,30,10-11-2025,09-11-2025
INV-20251231-00301,31-12-2025,18,301,9,8,16,43,28-12-2025,03-12-2025
INV-20251231-00302,31-12-2025,18,303,40,8,11,17,06-12-2025,
INV-20251231-00303,31-12-2025,18,236,4,7,8,25,11-12-2025,29-12-2025
INV-20251231-00304,31-12-2025,18,231,122,7,5,18,29-11-2025,02-12-2025
INV-20251231-00305,31-12-2025,18,250,65,4,20,37,29-12-2025,19-12-2025
INV-20251231-00306,31-12-2025,18,140,0,8,16,52,25-11-2025,31-12-2025
INV-20251231-00307,31-12-2025,18,139,8,22,18,54,01-12-2025,
INV-20251231-00308,31-12-2025,18,258,5,12,20,62,19-12-2025,03-12-2025
INV-20251231-00309,31-12-2025,18,227,69,2,20,33,26-12-2025,
INV-20251231-00310,31-12-2025,18,312,41,1,11,35,05-12-2025,25-12-2025
INV-20251231-00311,31-12-2025,18,12,15,12,26,49,18-12-2025,30-12-2025
INV-20251231-00312,31-12-2025,18,127,28,9,15,44,23-12-2025,11-01-2026
INV-20251231-00313,31-12-2025,18,59,198,50,25,45,23-11-2025,02-12-2025
INV-20251231-00314,31-12-2025,18,318,79,5,9,22,21-12-2025,06-12-2025
INV-20251231-00315,31-12-2025,18,282,9,0,7,24,12-12-2025,08-12-2025
INV-20251231-00316,31-12-2025,18,134,8,7,15,35,30-11-2025,15-12-2025
INV-20251231-00317,31-12-2025,18,76,11,4,15,37,31-12-2025,31-12-2025
INV-20251231-00318,31-12-2025,18,275,4,36,9,29,,13-12-2025
INV-20251231-00319,31-12-2025,18,316,12,6,20,76,22-12-2025,29-12-2025
INV-20251231-00320,31-12-2025,18,57,70,9,15,41,16-12-2025,05-12-2025
INV-20251231-00321,31-12-2025,18,95,57,7,7,12,14-12-2025,14-12-2025
INV-20251231-00322,31-12-2025,18,204,5,8,9,32,27-11-2025,
INV-20251231-00323,31-12-2025,18,66,6,82,8,15,24-12-2025,18-12-2025
INV-20251231-00324,31-12-2025,18,97,12,3,10,40,,14-12-2025
INV-20251231-00325,31-12-2025,18,120,49,7,10,25,,14-12-2025
INV-20251231-00326,31-12-2025,18,205,19,46,19,46,,30-12-2025
INV-20251231-00327,31-12-2025,18,150,61,1,19,53,,21-12-2025
INV-20251231-00328,31-12-2025,18,194,3,2,14,26,01-12-2025,22-12-2025
INV-20251231-00329,31-12-2025,18,132,11,42,5,11,17-12-2025,30-12-2025
INV-20251231-00330,31-12-2025,18,237,14,10,15,50,,19-12-2025
INV-20251231-00331,31-12-2025,18,315,13,26,6,17,23-12-2025,
INV-20251231-00332,31-12-2025,18,162,0,49,18,42,20-11-2025,17-12-2025
INV-20251231-00333,31-12-2025,18,103,20,3,7,13,29-11-2025,03-12-2025
INV-20251231-00334,31-12-2025,18,215,32,4,9,32,16-11-2025,14-12-2025
INV-20251231-00335,31-12-2025,57,252,15,4,10,18,15-12-2025,07-12-2025
INV-20251231-00337,31-12-2025,57,310,7,6,7,17,02-12-2025,10-12-2025
INV-20251231-00338,31-12-2025,57,318,206,0,17,52,25-11-2025,
INV-20251231-00339,31-12-2025,57,46,16,8,36,134,19-11-2025,09-12-2025
INV-20251231-00340,31-12-2025,57,92,18,7,5,11,22-11-2025,21-12-2025
INV-20251231-00341,31-12-2025,57,84,17,50,8,32,09-12-2025,27-12-2025
INV-20251231-00342,31-12-2025,57,120,20,20,9,14,21-12-2025,21-12-2025
INV-20251231-00343,31-12-2025,57,216,17,37,6,12,,29-12-2025
INV-20251231-00344,31-12-2025,57,168,14,41,19,66,02-12-2025,23-12-2025
INV-20251231-00345,31-12-2025,57,256,33,9,8,20,01-12-2025,10-12-2025
INV-20251231-00346,31-12-2025,57,170,27,31,19,70,26-11-2025,01-12-2025
INV-20251231-00348,31-12-2025,57,89,83,3,19,31,06-12-2025,26-12-2025
INV-20251231-00349,31-12-2025,57,43,74,50,34,89,07-12-2025,20-12-2025
INV-20251231-00350,31-12-2025,57,167,56,8,19,36,05-12-2025,11-12-2025
INV-20251231-00351,31-12-2025,57,56,48,4,29,109,,
INV-20251231-00352,31-12-2025,57,242,13,7,14,53,01-12-2025,02-12-2025
INV-20251231-00353,31-12-2025,57,275,14,9,7,25,01-12-2025,
INV-20251231-00354,31-12-2025,57,292,18,1,5,13,25-12-2025,05-12-2025
INV-20251231-00355,31-12-2025,57,108,13,6,6,12,23-11-2025,
INV-20251231-00356,31-12-2025,57,136,2,-15,7,24,23-11-2025,
INV-20251231-00357,31-12-2025,57,97,28,1,18,41,,16-12-2025
INV-20251231-00358,31-12-2025,57,255,0,3,6,13,17-12-2025,20-12-2025
INV-20251231-00359,31-12-2025,57,192,65,3,19,43,02-12-2025,28-12-2025
INV-20251231-00360,31-12-2025,57,44,48,6,23,51,22-11-2025,25-12-2025
INV-20251231-00361,31-12-2025,57,198,240,1,10,23,,18-12-2025
INV-20251231-00362,31-12-2025,57,45,164,7,15,40,06-12-2025,16-12-2025
INV-20251231-00363,31-12-2025,57,55,37,34,33,75,,29-12-2025
INV-20251231-00364,31-12-2025,57,102,8,5,6,21,,17-12-2025
INV-20251231-00365,31-12-2025,57,296,125,7,17,55,20-11-2025,20-12-2025
INV-20251231-00366,31-12-2025,57,86,146,24,6,22,30-11-2025,22-12-2025
INV-20251231-00367,31-12-2025,57,224,15,5,15,56,,20-12-2025
INV-20251231-00368,31-12-2025,57,246,2,5,14,26,12-12-2025,11-12-2025
INV-20251231-00369,31-12-2025,57,13,17,32,26,85,23-12-2025,11-12-2025
INV-20251231-00370,31-12-2025,57,25,8,0,29,71,04-12-2025,
INV-20251231-00371,31-12-2025,57,115,6,8,18,68,27-12-2025,29-12-2025
INV-20251231-00372,31-12-2025,57,30,12,7,16,56,10-12-2025,13-01-2026
INV-20251231-00373,31-12-2025,57,87,33,6,14,50,23-12-2025,
INV-20251231-00374,31-12-2025,57,301,14,6,14,34,,30-12-2025
INV-20251231-00375,31-12-2025,57,312,10,10,9,35,25-11-2025,22-12-2025
INV-20251231-00376,31-12-2025,57,185,0,2,14,41,,08-01-2026
INV-20251231-00377,31-12-2025,57,221,43,3,13,29,04-12-2025,15-12-2025
INV-20251231-00378,31-12-2025,57,290,116,3,8,30,26-11-2025,31-12-2025
INV-20251231-00379,31-12-2025,57,287,166,6,16,29,08-12-2025,07-12-2025
INV-20251231-00380,31-12-2025,57,21,48,8,26,86,27-11-2025,02-12-2025
INV-20251231-00381,31-12-2025,57,173,1,3,5,10,31-12-2025,16-12-2025
INV-20251231-00382,31-12-2025,57,184,2,44,17,62,16-11-2025,25-12-2025
INV-20251231-00383,31-12-2025,57,53,56,9,17,39,17-11-2025,12-12-2025
INV-20251231-00384,31-12-2025,57,237,4,13,18,31,14-12-2025,07-12-2025
INV-20251231-00385,31-12-2025,57,161,2,8,9,14,01-12-2025,
INV-20251231-00386,31-12-2025,57,39,13,-14,26,94,18-11-2025,15-12-2025
INV-20251231-00387,31-12-2025,57,288,11,5,14,49,,31-12-2025
INV-20251231-00388,31-12-2025,57,249,75,122,11,21,31-12-2025,
INV-20251231-00389,31-12-2025,57,286,17,16,8,21,,02-12-2025
INV-20251231-00390,31-12-2025,57,304,8,1,17,40,01-12-2025,
INV-20251231-00391,31-12-2025,50,244,12,12,8,26,26-12-2025,15-12-2025
INV-20251231-00392,31-01-2026,50,230,22,19,18,56,27-11-2025,07-12-2025
INV-20251231-00393,31-12-2025,50,175,23,1,10,16,30-12-2025,22-12-2025
INV-20251231-00394,31-12-2025,50,311,16,6,6,12,08-12-2025,
INV-20251231-00395,31-12-2025,50,105,36,7,20,36,,31-12-2025
INV-20251231-00396,31-12-2025,50,109,72,43,18,37,,23-12-2025
INV-20251231-00397,31-12-2025,50,251,126,5,10,28,21-11-2025,01-12-2025
INV-20251231-00398,31-12-2025,50,172,1,6,8,14,19-12-2025,08-12-2025
INV-20251231-00400,31-12-2025,50,241,58,1,10,39,27-12-2025,26-12-2025
INV-20251231-00401,31-12-2025,50,12,1,4,33,103,,02-12-2025
INV-20251231-00402,31-12-2025,50,314,73,6,12,39,22-12-2025,03-12-2025
INV-20251231-00403,31-12-2025,50,225,1,7,11,37,11-12-2025,27-12-2025
INV-20251231-00404,31-12-2025,50,155,140,0,9,18,,16-12-2025
INV-20251231-00405,31-12-2025,50,191,2,2,13,24,23-11-2025,05-12-2025
INV-20251231-00406,31-12-2025,50,8,17,50,17,38,31-12-2025,01-12-2025
INV-20251231-00407,31-12-2025,50,256,0,2,16,51,30-12-2025,28-12-2025
INV-20251231-00408,31-12-2025,50,93,26,2,9,22,02-12-2025,02-01-2026
INV-20251231-00409,31-12-2025,50,248,26,5,14,23,23-12-2025,10-12-2025
INV-20251231-00410,31-12-2025,50,274,18,6,5,13,20-12-2025,11-12-2025
INV-20251231-00411,31-12-2025,50,294,169,2,6,20,,26-12-2025
INV-20251231-00412,31-12-2025,50,227,189,-14,11,19,30-11-2025,24-12-2025
INV-20251231-00413,31-12-2025,50,170,11,0,9,15,24-12-2025,16-12-2025
INV-20251231-00414,31-12-2025,50,128,14,10,8,27,16-11-2025,20-12-2025
INV-20251231-00415,31-12-2025,50,98,8,45,11,17,,
INV-20251231-00416,31-12-2025,50,28,46,9,31,69,02-12-2025,11-12-2025
INV-20251231-00417,31-12-2025,50,148,189,50,9,34,28-12-2025,22-12-2025
INV-20251231-00418,31-12-2025,50,168,8,33,10,36,17-11-2025,19-12-2025
INV-20251231-00419,31-12-2025,50,159,6,0,16,54,21-12-2025,23-12-2025
INV-20251231-00420,31-12-2025,50,72,128,1,7,12,24-11-2025,22-12-2025
INV-20251231-00421,31-12-2025,50,293,31,34,14,35,21-11-2025,09-12-2025
INV-20251231-00422,31-12-2025,50,11,41,19,19,64,24-12-2025,21-12-2025
INV-20251231-00423,31-12-2025,50,44,5,31,18,49,13-12-2025,08-12-2025
INV-20251231-00424,31-12-2025,50,273,10,12,19,47,30-12-2025,30-12-2025
INV-20251231-00425,31-12-2025,50,163,32,7,14,54,03-12-2025,06-12-2025
INV-20251231-00426,31-12-2025,50,34,20,91,35,109,02-12-2025,15-12-2025
INV-20251231-00427,31-12-2025,50,102,58,5,6,14,26-11-2025,04-12-2025
INV-20251231-00428,31-12-2025,50,182,162,3,20,48,28-12-2025,28-12-2025
INV-20251231-00429,31-12-2025,50,103,243,8,10,24,20-11-2025,13-12-2025
INV-20251231-00430,31-12-2025,50,121,14,1,9,25,04-12-2025,05-12-2025
INV-20251231-00431,31-12-2025,50,107,1,0,20,74,08-12-2025,13-12-2025
INV-20251231-00432,31-12-2025,50,165,18,10,13,51,29-12-2025,18-12-2025
INV-20251231-00433,31-12-2025,50,315,31,17,17,39,13-12-2025,05-12-2025
INV-20251231-00434,31-12-2025,50,304,2,9,7,17,19-11-2025,02-01-2026
INV-20251231-00435,31-12-2025,79,62,4,2,22,43,27-12-2025,
INV-20251231-00437,31-12-2025,79,231,7,4,19,50,26-11-2025,09-12-2025
INV-20251231-00438,31-12-2025,79,11,19,28,37,146,16-11-2025,13-12-2025
INV-20251231-00439,31-12-2025,79,264,14,5,16,36,22-12-2025,12-12-2025
INV-20251231-00440,31-12-2025,79,284,19,2,17,29,18-12-2025,28-12-2025
INV-20251231-00442,31-12-2025,79,51,70,10,29,66,08-12-2025,08-12-2025
INV-20251231-00443,31-12-2025,79,301,68,1,12,22,31-12-2025,14-12-2025
INV-20251231-00444,31-12-2025,79,103,145,46,16,63,28-11-2025,
INV-20251231-00445,31-12-2025,79,248,15,33,15,58,05-12-2025,25-12-2025
INV-20251231-00446,31-12-2025,79,95,9,15,17,51,19-11-2025,25-12-2025
INV-20251231-00447,31-12-2025,79,140,29,9,5,20,25-11-2025,21-12-2025
INV-20251231-00448,31-12-2025,79,8,42,10,32,68,20-12-2025,03-12-2025
INV-20251231-00449,31-12-2025,79,315,3,1,18,67,,25-12-2025
INV-20251231-00450,31-12-2025,79,84,12,0,19,66,29-11-2025,09-12-2025
INV-20251231-00451,31-12-2025,79,25,4,10,29,75,14-12-2025,26-12-2025
INV-20251231-00453,31-12-2025,79,28,0,3,33,102,21-11-2025,29-12-2025
INV-20251231-00454,31-12-2025,79,299,18,24,7,23,16-11-2025,12-12-2025
INV-20251231-00455,31-12-2025,79,199,7,38,11,32,09-12-2025,15-12-2025
INV-20251231-00457,31-12-2025,79,78,10,7,18,59,02-12-2025,17-12-2025
INV-20251231-00458,31-12-2025,79,222,151,4,17,53,21-12-2025,
INV-20251231-00459,31-12-2025,79,19,49,0,27,55,24-12-2025,12-12-2025
INV-20251231-00460,31-12-2025,79,111,76,8,19,33,05-12-2025,07-12-2025
INV-20251231-00461,31-12-2025,10,219,80,4,13,29,23-11-2025,14-12-2025
INV-20251231-00462,31-12-2025,10,195,75,4,9,19,20-11-2025,15-12-2025
INV-20251231-00466,31-12-2025,10,280,20,8,7,20,30-12-2025,04-12-2025
INV-20251231-00467,31-12-2025,10,266,18,-1,13,20,12-12-2025,
INV-20251231-00468,31-12-2025,10,235,8,6,14,31,28-11-2025,20-12-2025
INV-20251231-00469,31-12-2025,10,30,79,4,35,87,,01-12-2025
INV-20251231-00470,31-12-2025,10,169,68,108,8,14,16-12-2025,01-12-2025
INV-20251231-00471,31-12-2025,10,314,16,5,5,13,30-11-2025,08-12-2025
INV-20251231-00472,31-12-2025,10,165,54,7,13,47,13-12-2025,09-12-2025
INV-20251231-00473,31-12-2025,10,108,7,1,15,46,14-12-2025,09-01-2026
INV-20251231-00474,31-12-2025,10,129,174,36,8,13,23-11-2025,01-12-2025
INV-20251231-00475,31-12-2025,10,198,2,5,5,11,23-12-2025,07-12-2025
INV-20251231-00476,31-12-2025,10,306,65,6,7,15,,18-12-2025
INV-20251231-00477,31-12-2025,10,44,17,7,31,81,08-12-2025,10-12-2025
INV-20251231-00478,31-12-2025,10,94,19,0,15,24,05-12-2025,13-12-2025
INV-20251231-00479,31-12-2025,10,62,55,5,19,51,29-11-2025,16-12-2025
INV-20251231-00480,31-12-2025,10,114,20,10,12,41,,28-12-2025
INV-20251231-00481,31-12-2025,10,25,3,70,17,35,21-11-2025,19-12-2025
INV-20251231-00482,31-12-2025,10,179,43,9,13,34,06-12-2025,28-12-2025
INV-20251231-00483,31-12-2025,10,231,20,17,14,35,,
INV-20251231-00484,31-12-2025,10,33,6,1,31,70,05-12-2025,16-12-2025
INV-20251231-00485,31-12-2025,10,161,16,36,6,22,16-12-2025,01-12-2025
INV-20251231-00486,31-12-2025,10,162,59,9,9,27,30-12-2025,01-12-2025
INV-20251231-00487,31-12-2025,10,304,12,25,6,19,18-12-2025,10-12-2025
INV-20251231-00488,31-12-2025,10,95,19,8,15,46,26-12-2025,30-12-2025
INV-20251231-00489,31-12-2025,10,23,0,48,15,59,26-12-2025,05-12-2025
INV-20251231-00490,31-12-2025,10,160,17,35,7,12,27-12-2025,19-12-2025
INV-20251231-00491,31-12-2025,10,21,7,13,25,40,27-12-2025,15-12-2025
INV-20251231-00492,31-12-2025,10,12,20,10,19,47,23-12-2025,02-12-2025
INV-20251231-00493,31-12-2025,10,259,30,9,13,28,31-12-2025,06-12-2025
INV-20251231-00494,31-12-2025,10,258,7,25,18,49,06-12-2025,09-12-2025
INV-20251231-00495,31-12-2025,10,58,41,48,24,36,02-12-2025,28-12-2025
INV-20251231-00497,31-12-2025,10,36,15,9,26,41,16-11-2025,14-12-2025
INV-20251231-00498,31-12-2025,10,111,12,8,16,56,,18-12-2025
INV-20251231-00499,31-12-2025,10,197,44,20,11,20,08-12-2025,12-12-2025
INV-20251231-00500,31-12-2025,10,154,14,1,16,58,16-12-2025,27-12-2025
INV-20251231-00501,31-12-2025,10,117,10,3,18,47,17-11-2025,13-12-2025
INV-20251231-00502,31-12-2025,10,294,6,3,11,28,02-12-2025,05-12-2025
INV-20251231-00503,31-12-2025,10,202,18,3,18,43,08-12-2025,15-12-2025
INV-20251231-00504,31-12-2025,10,253,16,41,19,33,17-11-2025,14-12-2025
INV-20251231-00505,31-12-2025,10,271,32,1,12,33,,15-12-2025
INV-20251231-00506,31-12-2025,10,217,20,77,7,28,01-12-2025,15-12-2025
INV-20251231-00507,31-12-2025,10,303,18,43,14,52,27-12-2025,01-12-2025
INV-20251231-00508,31-12-2025,10,172,40,6,6,12,15-12-2025,18-12-2025
INV-20251231-00509,31-12-2025,10,109,59,17,10,30,,11-12-2025
INV-20251231-00510,31-12-2025,10,66,73,0,14,38,,
INV-20251231-00511,31-12-2025,16,67,2,7,9,22,05-12-2025,12-12-2025
INV-20251231-00512,31-12-2025,16,33,14,1,27,53,,25-12-2025
INV-20251231-00513,31-12-2025,16,11,19,2,38,106,,18-12-2025
INV-20251231-00514,31-12-2025,16,218,10,6,17,67,15-12-2025,24-12-2025
INV-20251231-00515,31-12-2025,16,191,24,25,8,17,21-12-2025,26-12-2025
INV-20251231-00516,31-12-2025,16,7,15,175,39,110,25-12-2025,
INV-20251231-00517,31-12-2025,16,146,114,7,13,21,06-12-2025,27-12-2025
INV-20251231-00518,31-12-2025,16,34,11,50,23,81,01-12-2025,31-12-2025
INV-20251231-00519,31-12-2025,16,75,7,45,9,35,18-12-2025,30-12-2025
INV-20251231-00520,31-12-2025,16,177,12,41,11,29,30-11-2025,21-12-2025
INV-20251231-00521,31-12-2025,16,243,117,15,17,53,29-12-2025,06-12-2025
INV-20251231-00522,31-12-2025,16,287,18,7,15,58,05-12-2025,04-12-2025
INV-20251231-00523,31-12-2025,16,68,29,15,16,26,15-12-2025,14-12-2025
INV-20251231-00524,31-12-2025,16,266,20,0,6,10,05-12-2025,06-12-2025
INV-20251231-00525,31-12-2025,16,46,22,5,18,35,17-11-2025,03-12-2025
INV-20251231-00526,31-12-2025,16,96,18,3,6,15,18-11-2025,04-12-2025
INV-20251231-00528,31-12-2025,16,21,4,3,20,71,10-12-2025,22-12-2025
INV-20251231-00530,31-12-2025,16,52,9,8,26,91,30-12-2025,28-12-2025
INV-20251231-00531,31-12-2025,16,234,8,42,8,22,,09-12-2025
INV-20251231-00532,31-12-2025,16,93,8,71,15,33,16-12-2025,28-12-2025
INV-20251231-00534,31-12-2025,16,13,8,35,22,52,23-12-2025,05-12-2025
INV-20251231-00536,31-12-2025,16,315,40,3,16,27,31-12-2025,05-01-2026
INV-20251231-00537,31-12-2025,16,80,32,3,6,15,13-12-2025,08-12-2025
INV-20251231-00538,31-12-2025,16,257,7,88,5,20,26-12-2025,01-12-2025
INV-20251231-00539,31-12-2025,16,2,61,10,26,48,15-12-2025,
INV-20251231-00541,31-12-2025,16,144,3,5,10,29,28-12-2025,29-12-2025
INV-20251231-00542,31-12-2025,16,102,4,2,6,11,15-12-2025,07-12-2025
INV-20251231-00543,31-12-2025,16,246,6,110,17,41,30-12-2025,09-12-2025
INV-20251231-00544,31-12-2025,16,299,16,32,17,28,21-12-2025,25-12-2025
INV-20251231-00545,31-12-2025,16,249,17,10,14,49,20-12-2025,31-12-2025
INV-20251231-00546,31-12-2025,16,255,17,19,18,38,10-12-2025,28-12-2025
INV-20251231-00547,31-12-2025,16,37,5,48,37,99,25-12-2025,08-12-2025
INV-20251231-00548,31-12-2025,16,199,0,10,5,10,29-11-2025,16-12-2025
INV-20251231-00549,31-12-2025,16,119,8,3,17,46,26-12-2025,17-12-2025
INV-20251231-00550,31-12-2025,16,196,7,9,17,49,25-11-2025,
INV-20251231-00551,31-12-2025,16,5,9,21,16,52,30-12-2025,08-12-2025
INV-20251231-00552,31-12-2025,16,111,26,8,7,27,,05-12-2025
INV-20251231-00553,31-12-2025,16,261,141,22,13,34,30-11-2025,07-12-2025
INV-20251231-00554,31-12-2025,16,127,6,6,9,16,05-12-2025,17-12-2025
INV-20251231-00555,31-12-2025,16,81,1,25,6,15,,26-12-2025
INV-20251231-00557,31-12-2025,16,242,63,5,10,30,18-12-2025,18-12-2025
INV-20251231-00558,31-12-2025,16,8,11,7,31,83,25-11-2025,
INV-20251231-00559,31-12-2025,16,231,14,10,5,10,22-11-2025,12-12-2025
INV-20251231-00560,31-12-2025,16,162,58,43,6,22,14-12-2025,23-12-2025
INV-20251231-00561,31-12-2025,16,66,2,5,5,9,27-12-2025,09-12-2025
INV-20251231-00562,31-12-2025,16,236,35,0,20,73,08-12-2025,29-12-2025
INV-20251231-00563,31-12-2025,16,183,11,1,15,53,08-12-2025,13-12-2025
INV-20251231-00565,31-12-2025,16,188,66,3,20,59,26-11-2025,31-12-2025
INV-20251231-00566,31-12-2025,16,49,162,4,37,141,08-12-2025,15-12-2025
INV-20251231-00567,31-12-2025,16,311,18,8,19,68,30-11-2025,12-12-2025
INV-20251231-00568,31-12-2025,16,19,61,0,29,104,29-12-2025,07-12-2025
INV-20251231-00569,31-12-2025,16,263,35,3,16,29,12-12-2025,09-12-2025
INV-20251231-00570,31-12-2025,16,30,13,0,17,43,26-11-2025,13-01-2026
INV-20251231-00571,31-12-2025,16,38,12,9,20,52,25-12-2025,29-12-2025
INV-20251231-00572,31-12-2025,16,229,12,2,19,57,12-12-2025,23-12-2025
INV-20251231-00573,31-12-2025,16,259,24,2,7,11,22-11-2025,12-12-2025
INV-20251231-00574,31-12-2025,55,301,19,7,11,42,29-12-2025,10-12-2025
INV-20251231-00575,31-12-2025,55,149,41,0,8,18,27-11-2025,07-12-2025
INV-20251231-00576,31-12-2025,55,25,35,10,29,47,27-11-2025,30-12-2025
INV-20251231-00577,31-12-2025,55,105,7,10,19,76,27-12-2025,23-12-2025
INV-20251231-00578,31-12-2025,55,43,37,4,37,111,03-12-2025,18-12-2025
INV-20251231-00579,31-12-2025,55,106,222,33,10,26,,28-12-2025
INV-20251231-00580,31-12-2025,55,116,12,19,15,24,16-11-2025,
INV-20251231-00581,31-12-2025,55,111,8,1,7,15,,
INV-20251231-00582,31-12-2025,55,76,19,0,6,17,30-12-2025,14-12-2025
INV-20251231-00583,31-12-2025,55,75,8,6,8,32,18-12-2025,
INV-20251231-00584,31-12-2025,55,61,7,1,38,77,29-11-2025,26-12-2025
INV-20251231-00585,31-12-2025,55,161,3,7,19,57,19-12-2025,21-12-2025
INV-20251231-00586,31-12-2025,55,241,6,7,9,16,28-12-2025,09-12-2025
INV-20251231-00588,31-12-2025,55,291,12,3,9,28,16-11-2025,03-12-2025
INV-20251231-00589,31-12-2025,55,193,1,13,19,68,12-12-2025,19-12-2025
INV-20251231-00590,31-12-2025,55,308,32,20,19,53,26-11-2025,23-12-2025
INV-20251231-00591,31-12-2025,55,15,3,9,39,91,07-12-2025,27-12-2025
INV-20251231-00592,31-12-2025,55,179,32,17,14,38,23-12-2025,27-12-2025
INV-20251231-00593,31-12-2025,55,296,19,28,20,63,23-12-2025,01-12-2025
INV-20251231-00594,31-12-2025,55,21,0,6,25,82,24-11-2025,01-12-2025
INV-20251231-00595,31-12-2025,55,20,199,198,32,119,19-11-2025,04-12-2025
INV-20251231-00596,31-12-2025,55,128,78,8,6,15,25-11-2025,09-12-2025
INV-20251231-00597,31-12-2025,55,165,3,4,14,37,08-12-2025,
INV-20251231-00598,31-12-2025,55,122,27,8,15,27,16-11-2025,21-12-2025
INV-20251231-00599,31-12-2025,55,115,15,7,17,51,17-12-2025,
INV-20260131-00601,31-01-2026,67,270,89,10,6,19,28-01-2026,01-01-2026
INV-20260131-00602,31-01-2026,67,83,133,0,8,32,05-01-2026,01-01-2026
INV-20260131-00603,31-01-2026,67,298,48,10,10,17,19-12-2025,
INV-20260131-00604,31-01-2026,67,55,10,1,35,96,09-01-2026,29-01-2026
INV-20260131-00605,31-01-2026,67,299,196,26,12,40,,
INV-20260131-00606,31-01-2026,67,183,14,112,11,26,06-01-2026,29-01-2026
INV-20260131-00607,31-01-2026,67,5,14,23,32,53,12-01-2026,21-01-2026
INV-20260131-00608,31-01-2026,67,312,43,6,9,23,13-01-2026,24-01-2026
INV-20260131-00609,31-01-2026,67,305,19,5,5,14,22-12-2025,10-01-2026
INV-20260131-00610,31-01-2026,67,225,3,26,16,43,07-01-2026,14-01-2026
INV-20260131-00612,31-01-2026,67,68,15,28,19,53,11-01-2026,11-01-2026
INV-20260131-00613,31-01-2026,67,36,63,7,21,62,22-12-2025,03-01-2026
INV-20260131-00614,31-01-2026,67,62,11,8,17,26,22-01-2026,20-01-2026
INV-20260131-00615,31-01-2026,67,320,3,13,20,65,30-12-2025,24-01-2026
INV-20260131-00616,31-01-2026,67,193,227,1,16,62,24-01-2026,19-01-2026
INV-20260131-00617,31-01-2026,67,221,210,4,12,20,23-01-2026,10-02-2026
INV-20260131-00618,31-01-2026,67,37,9,8,27,102,,03-01-2026
INV-20260131-00619,31-01-2026,67,249,20,2,20,51,17-12-2025,
INV-20260131-00620,31-01-2026,67,214,187,10,15,47,09-01-2026,17-01-2026
INV-20260131-00621,31-01-2026,67,266,72,48,14,52,20-01-2026,19-01-2026
INV-20260131-00622,31-01-2026,67,229,9,0,5,15,18-01-2026,15-01-2026
INV-20260131-00624,31-01-2026,67,3,11,7,21,70,28-01-2026,13-01-2026
INV-20260131-00625,31-01-2026,67,180,58,39,6,18,08-01-2026,18-01-2026
INV-20260131-00626,31-01-2026,67,114,0,10,19,35,23-01-2026,09-01-2026
INV-20260131-00627,31-01-2026,67,224,16,1,17,42,10-01-2026,04-01-2026
INV-20260131-00628,31-01-2026,67,119,41,30,6,24,23-12-2025,08-01-2026
INV-20260131-00629,31-01-2026,67,8,29,2,29,103,29-12-2025,15-01-2026
INV-20260131-00630,31-01-2026,67,129,138,0,6,11,21-12-2025,17-01-2026
INV-20260131-00631,31-01-2026,67,234,13,5,12,47,18-01-2026,
INV-20260131-00632,31-01-2026,67,22,8,10,17,66,25-01-2026,08-02-2026
INV-20260131-00633,31-01-2026,14,119,5,7,7,18,29-01-2026,31-01-2026
INV-20260131-00634,31-01-2026,14,94,57,6,9,29,26-12-2025,09-01-2026
INV-20260131-00635,,14,217,16,3,9,24,14-01-2026,12-01-2026
INV-20260131-00636,31-01-2026,14,97,34,3,12,18,04-01-2026,
INV-20260131-00637,31-01-2026,14,251,70,170,7,24,30-01-2026,
INV-20260131-00638,31-01-2026,14,299,47,2,18,51,,18-01-2026
INV-20260131-00639,31-01-2026,14,113,6,3,12,34,15-01-2026,
INV-20260131-00640,31-01-2026,14,49,21,8,26,71,24-01-2026,03-01-2026
INV-20260131-00641,31-01-2026,14,183,54,7,18,34,20-12-2025,10-01-2026
INV-20260131-00642,31-01-2026,14,301,66,7,18,68,01-01-2026,13-01-2026
INV-20260131-00643,31-01-2026,14,67,57,24,20,50,,19-01-2026
INV-20260131-00645,31-01-2026,14,241,19,18,8,27,06-01-2026,16-01-2026
INV-20260131-00646,31-01-2026,14,55,2,4,22,84,25-01-2026,
INV-20260131-00647,31-01-2026,14,83,9,4,16,64,,27-01-2026
INV-20260131-00648,31-01-2026,14,182,2,36,11,43,27-12-2025,12-01-2026
INV-20260131-00649,31-01-2026,14,196,10,46,8,15,17-12-2025,11-01-2026
INV-20260131-00650,31-01-2026,14,32,8,3,19,32,18-01-2026,
INV-20260131-00651,31-01-2026,14,203,4,32,17,52,28-01-2026,16-01-2026
INV-20260131-00652,31-01-2026,14,305,55,52,8,14,15-01-2026,13-01-2026
INV-20260131-00653,31-01-2026,14,166,1,1,14,26,02-01-2026,10-01-2026
INV-20260131-00654,31-01-2026,14,60,56,0,40,118,22-12-2025,13-01-2026
INV-20260131-00656,31-01-2026,14,269,197,5,17,32,20-01-2026,
INV-20260131-00657,31-01-2026,14,3,16,1,23,72,26-12-2025,18-01-2026
INV-20260131-00658,31-01-2026,14,226,15,3,20,77,14-01-2026,26-01-2026
INV-20260131-00659,31-01-2026,14,149,35,2,14,25,22-12-2025,30-01-2026
INV-20260131-00660,31-01-2026,14,205,65,0,8,24,26-12-2025,21-01-2026
INV-20260131-00661,31-01-2026,14,293,0,73,17,53,31-01-2026,02-01-2026
INV-20260131-00662,31-01-2026,14,260,55,5,13,26,11-01-2026,17-01-2026
INV-20260131-00663,31-01-2026,49,93,20,5,7,24,18-12-2025,22-01-2026
INV-20260131-00664,31-01-2026,49,175,4,9,9,14,24-01-2026,
INV-20260131-00665,31-01-2026,49,162,20,2,6,18,31-12-2025,25-01-2026
INV-20260131-00666,31-01-2026,49,301,18,20,10,29,17-12-2025,25-01-2026
INV-20260131-00667,31-01-2026,49,280,69,20,18,70,27-01-2026,18-01-2026
INV-20260131-00668,31-01-2026,49,261,17,0,20,64,,12-01-2026
INV-20260131-00669,31-01-2026,49,137,14,22,8,32,12-01-2026,12-01-2026
INV-20260131-00670,31-01-2026,49,21,20,36,33,115,05-01-2026,18-01-2026
INV-20260131-00671,31-01-2026,49,144,53,9,19,56,16-01-2026,09-01-2026
INV-20260131-00672,31-01-2026,49,22,12,33,37,141,,23-01-2026
INV-20260131-00673,31-01-2026,49,84,6,2,5,8,16-01-2026,
INV-20260131-00674,31-01-2026,49,314,16,42,8,27,26-01-2026,23-01-2026
INV-20260131-00675,31-01-2026,49,46,203,4,27,46,24-12-2025,19-01-2026
INV-20260131-00676,31-01-2026,49,158,51,10,16,46,16-01-2026,31-01-2026
INV-20260131-00677,31-01-2026,49,8,11,2,17,33,17-12-2025,24-01-2026
INV-20260131-00678,31-01-2026,49,53,15,7,36,88,24-12-2025,12-01-2026
INV-20260131-00680,31-01-2026,49,108,67,2,16,44,21-01-2026,16-01-2026
INV-20260131-00681,31-01-2026,49,268,18,21,19,33,12-01-2026,12-01-2026
INV-20260131-00682,31-01-2026,49,111,2,128,15,26,30-12-2025,23-01-2026
INV-20260131-00683,31-01-2026,49,69,12,4,20,48,08-01-2026,06-01-2026
INV-20260131-00684,31-01-2026,49,222,5,3,16,35,20-12-2025,07-01-2026
INV-20260131-00685,31-01-2026,49,26,8,5,38,66,29-01-2026,20-01-2026
INV-20260131-00686,31-01-2026,49,1,186,41,23,71,07-01-2026,18-01-2026
INV-20260131-00687,31-01-2026,49,105,47,8,6,23,03-01-2026,06-01-2026
INV-20260131-00688,31-01-2026,49,285,22,15,14,29,21-01-2026,
INV-20260131-00689,31-01-2026,49,163,17,1,18,44,23-01-2026,08-01-2026
INV-20260131-00690,31-01-2026,49,30,45,35,36,115,08-01-2026,26-01-2026
INV-20260131-00691,31-01-2026,49,306,79,4,18,62,17-01-2026,27-01-2026
INV-20260131-00692,,49,304,185,8,7,14,11-01-2026,21-01-2026
INV-20260131-00693,31-01-2026,49,102,68,5,11,34,09-01-2026,
INV-20260131-00694,31-01-2026,49,97,9,10,16,38,12-01-2026,20-01-2026
INV-20260131-00695,31-01-2026,49,136,6,2,9,17,,15-01-2026
INV-20260131-00696,31-01-2026,49,43,250,4,16,56,23-12-2025,03-01-2026
INV-20260131-00697,31-01-2026,49,286,57,4,17,53,20-01-2026,26-01-2026
INV-20260131-00698,31-01-2026,49,123,31,6,13,34,27-01-2026,27-01-2026
INV-20260131-00699,31-01-2026,49,89,0,10,20,78,28-01-2026,25-01-2026
INV-20260131-00700,31-01-2026,49,51,4,8,23,65,07-01-2026,24-01-2026
INV-20260131-00702,31-01-2026,49,19,76,8,40,97,21-01-2026,01-01-2026
INV-20260131-00704,31-01-2026,49,103,166,5,9,14,06-01-2026,10-01-2026
INV-20260131-00705,31-01-2026,49,56,64,-16,19,63,04-01-2026,11-01-2026
INV-20260131-00706,31-01-2026,49,265,19,3,17,58,11-01-2026,08-01-2026
INV-20260131-00707,31-01-2026,49,2,157,2,24,92,,24-01-2026
INV-20260131-00708,31-01-2026,36,148,5,9,19,46,,03-01-2026
INV-20260131-00709,31-01-2026,36,29,119,2,36,56,14-01-2026,27-01-2026
INV-20260131-00710,31-01-2026,36,225,7,1,17,50,28-01-2026,03-01-2026
INV-20260131-00711,31-01-2026,36,120,50,8,7,12,,08-01-2026
INV-20260131-00712,31-01-2026,36,164,17,3,7,15,14-01-2026,19-01-2026
INV-20260131-00713,31-01-2026,36,271,48,10,18,33,25-12-2025,
INV-20260131-00714,31-01-2026,36,2,0,0,34,114,09-01-2026,16-01-2026
INV-20260131-00715,31-01-2026,36,234,19,6,15,28,,04-01-2026
INV-20260131-00716,31-01-2026,36,178,10,12,14,54,27-01-2026,05-01-2026
INV-20260131-00717,31-01-2026,36,250,1,9,11,41,10-01-2026,17-01-2026
INV-20260131-00718,31-01-2026,36,33,10,0,25,70,19-12-2025,09-01-2026
INV-20260131-00719,31-01-2026,36,319,16,5,20,64,,24-01-2026
INV-20260131-00721,31-01-2026,36,153,37,9,10,37,18-01-2026,07-01-2026
INV-20260131-00722,31-01-2026,36,192,75,7,10,25,20-01-2026,27-01-2026
INV-20260131-00723,31-01-2026,36,219,12,6,15,23,09-01-2026,08-01-2026
INV-20260131-00724,31-01-2026,36,190,9,2,10,33,13-01-2026,03-01-2026
INV-20260131-00726,31-01-2026,36,30,7,135,34,57,26-12-2025,26-01-2026
INV-20260131-00727,31-01-2026,36,48,24,4,25,94,03-01-2026,29-01-2026
INV-20260131-00728,31-01-2026,36,158,194,33,17,36,16-01-2026,25-01-2026
INV-20260131-00729,31-01-2026,36,24,64,9,32,65,26-01-2026,15-01-2026
INV-20260131-00730,31-01-2026,36,111,14,4,5,14,28-01-2026,27-01-2026
INV-20260131-00731,31-01-2026,36,7,41,6,20,67,29-12-2025,17-01-2026
INV-20260131-00732,31-01-2026,36,113,46,33,14,28,31-01-2026,27-01-2026
INV-20260131-00733,31-01-2026,36,131,11,8,16,48,31-01-2026,16-01-2026
INV-20260131-00734,31-01-2026,36,16,16,94,17,35,18-12-2025,
INV-20260131-00735,31-01-2026,36,3,11,6,30,66,05-01-2026,08-01-2026
INV-20260131-00736,31-01-2026,36,310,47,15,7,23,14-01-2026,
INV-20260131-00737,31-01-2026,36,212,51,39,7,14,27-01-2026,
INV-20260131-00738,31-01-2026,36,141,154,4,8,16,24-12-2025,21-01-2026
INV-20260131-00739,31-01-2026,36,197,9,12,15,53,01-01-2026,26-01-2026
INV-20260131-00740,31-01-2026,36,207,48,6,14,48,24-12-2025,30-01-2026
INV-20260131-00741,31-01-2026,36,15,14,15,18,69,,12-01-2026
INV-20260131-00742,31-01-2026,36,251,3,3,14,30,19-01-2026,25-01-2026
INV-20260131-00743,31-01-2026,36,133,34,43,7,24,12-01-2026,16-01-2026
INV-20260131-00745,31-01-2026,36,39,14,2,18,65,20-01-2026,07-01-2026
INV-20260131-00746,,36,80,0,9,9,31,24-12-2025,03-02-2026
INV-20260131-00747,31-01-2026,36,28,0,45,18,37,13-01-2026,27-01-2026
INV-20260131-00748,31-01-2026,60,75,7,3,20,78,20-01-2026,30-01-2026
INV-20260131-00749,31-01-2026,60,95,100,9,14,43,28-12-2025,15-01-2026
INV-20260131-00750,31-01-2026,60,247,233,9,12,46,27-01-2026,06-01-2026
INV-20260131-00751,31-01-2026,60,276,67,49,15,29,19-01-2026,27-01-2026
INV-20260131-00752,31-01-2026,60,304,16,1,17,62,22-01-2026,13-01-2026
INV-20260131-00753,31-01-2026,60,297,18,0,17,42,06-01-2026,11-01-2026
INV-20260131-00754,31-01-2026,60,208,143,1,8,31,,
INV-20260131-00756,31-01-2026,60,152,3,3,5,13,26-12-2025,25-01-2026
INV-20260131-00757,31-01-2026,60,15,17,42,36,143,11-01-2026,
INV-20260131-00758,31-01-2026,60,286,9,40,19,34,,21-01-2026
INV-20260131-00759,31-01-2026,60,6,59,0,17,33,30-01-2026,30-01-2026
INV-20260131-00760,31-01-2026,60,119,16,2,20,72,11-01-2026,09-02-2026
INV-20260131-00761,31-01-2026,60,103,56,2,6,18,,
INV-20260131-00762,31-01-2026,60,80,19,9,16,39,07-01-2026,11-01-2026
INV-20260131-00763,31-01-2026,60,251,44,0,11,26,30-12-2025,08-01-2026
INV-20260131-00764,31-01-2026,60,69,143,3,6,22,21-01-2026,06-01-2026
INV-20260131-00765,31-01-2026,60,87,14,-15,17,56,30-01-2026,10-01-2026
INV-20260131-00766,31-01-2026,60,51,24,16,31,69,17-01-2026,02-01-2026
INV-20260131-00767,31-01-2026,60,199,17,7,17,54,25-12-2025,03-01-2026
INV-20260131-00768,31-01-2026,60,259,14,7,19,51,,12-01-2026
INV-20260131-00769,31-01-2026,60,30,8,10,16,33,05-01-2026,09-01-2026
INV-20260131-00770,31-01-2026,60,56,6,19,27,58,04-01-2026,02-01-2026
INV-20260131-00771,31-01-2026,60,252,15,5,7,21,17-12-2025,18-01-2026
INV-20260131-00772,31-01-2026,60,166,7,4,7,26,,07-01-2026
INV-20260131-00774,31-01-2026,60,157,14,9,5,12,,14-01-2026
INV-20260131-00775,31-01-2026,60,175,20,20,12,44,09-01-2026,06-01-2026
INV-20260131-00776,31-01-2026,60,9,53,5,19,33,31-01-2026,
INV-20260131-00777,31-01-2026,60,98,13,9,17,59,02-01-2026,23-01-2026
INV-20260131-00778,31-01-2026,12,48,4,6,16,36,23-01-2026,18-01-2026
INV-20260131-00779,31-01-2026,12,317,18,8,10,34,13-01-2026,10-01-2026
INV-20260131-00781,31-01-2026,12,306,64,1,11,41,17-12-2025,25-01-2026
INV-20260131-00783,31-01-2026,12,177,132,0,5,14,08-01-2026,21-01-2026
INV-20260131-00784,31-01-2026,12,245,12,1,18,56,15-01-2026,
INV-20260131-00785,31-01-2026,12,71,239,57,18,34,11-01-2026,19-01-2026
INV-20260131-00786,31-01-2026,12,129,19,10,17,48,19-01-2026,30-01-2026
INV-20260131-00787,31-01-2026,12,161,21,47,6,15,26-12-2025,09-01-2026
INV-20260131-00788,31-01-2026,12,30,19,3,19,53,19-12-2025,
INV-20260131-00789,31-01-2026,12,70,16,4,14,37,13-01-2026,10-01-2026
INV-20260131-00790,31-01-2026,12,91,14,145,11,19,10-01-2026,30-01-2026
INV-20260131-00791,31-01-2026,12,194,6,2,18,62,21-01-2026,04-01-2026
INV-20260131-00792,31-01-2026,12,182,24,13,7,20,19-01-2026,28-01-2026
INV-20260131-00793,31-01-2026,12,36,3,24,16,55,12-01-2026,
INV-20260131-00794,31-01-2026,12,68,20,9,11,38,31-01-2026,19-01-2026
INV-20260131-00795,31-01-2026,12,124,218,5,11,25,28-01-2026,09-01-2026
INV-20260131-00797,31-01-2026,12,268,18,33,9,21,28-01-2026,16-01-2026
INV-20260131-00798,31-01-2026,12,269,44,4,14,28,22-01-2026,29-01-2026
INV-20260131-00799,31-01-2026,12,83,5,10,7,17,07-01-2026,
INV-20260131-00800,31-01-2026,12,76,44,0,13,40,04-01-2026,11-01-2026
INV-20260131-00801,31-01-2026,12,105,86,6,8,15,19-01-2026,
INV-20260131-00802,31-01-2026,12,282,46,2,11,36,03-01-2026,10-01-2026
INV-20260131-00803,31-01-2026,12,101,3,24,20,73,11-01-2026,06-01-2026
INV-20260131-00804,31-01-2026,12,225,8,3,19,36,,09-01-2026
INV-20260131-00805,31-01-2026,12,270,12,27,6,12,18-12-2025,30-01-2026
INV-20260131-00806,31-01-2026,12,139,51,6,11,36,08-01-2026,07-01-2026
INV-20260131-00807,31-01-2026,12,148,2,0,19,61,10-01-2026,11-01-2026
INV-20260131-00808,31-01-2026,12,28,14,46,39,111,09-01-2026,01-01-2026
INV-20260131-00809,31-01-2026,12,314,60,-5,16,27,22-12-2025,10-01-2026
INV-20260131-00810,31-01-2026,12,238,16,9,19,70,,07-01-2026
INV-20260131-00811,31-01-2026,12,170,9,10,9,22,25-01-2026,06-01-2026
INV-20260131-00812,31-01-2026,12,262,13,34,11,21,28-01-2026,
INV-20260131-00813,31-01-2026,70,222,52,7,13,26,05-01-2026,17-01-2026
INV-20260131-00814,31-01-2026,70,285,76,7,7,21,31-01-2026,19-01-2026
INV-20260131-00815,31-01-2026,70,59,55,136,25,62,13-01-2026,25-01-2026
INV-20260131-00817,31-01-2026,70,95,15,8,15,24,02-01-2026,21-01-2026
INV-20260131-00818,31-01-2026,70,317,20,9,11,43,25-12-2025,23-01-2026
INV-20260131-00819,31-01-2026,70,268,15,7,12,43,15-01-2026,16-01-2026
INV-20260131-00820,31-01-2026,70,78,216,3,18,28,,12-01-2026
INV-20260131-00821,31-01-2026,70,166,5,14,13,28,28-01-2026,25-01-2026
INV-20260131-00822,31-01-2026,70,112,66,12,11,37,18-12-2025,09-01-2026
INV-20260131-00823,31-01-2026,70,320,72,7,19,52,03-01-2026,30-01-2026
INV-20260131-00824,31-01-2026,70,22,221,2,33,97,04-01-2026,02-01-2026
INV-20260131-00825,31-01-2026,70,30,219,9,29,54,23-12-2025,15-01-2026
INV-20260131-00826,31-01-2026,70,133,18,5,9,22,15-01-2026,09-01-2026
INV-20260131-00827,31-01-2026,70,157,61,6,10,29,24-01-2026,22-01-2026
INV-20260131-00828,31-01-2026,70,123,14,129,18,47,28-12-2025,08-01-2026
INV-20260131-00829,31-01-2026,70,316,34,41,16,29,09-01-2026,
INV-20260131-00830,31-01-2026,70,1,6,31,29,70,24-01-2026,06-01-2026
INV-20260131-00831,31-01-2026,70,135,3,10,16,44,08-01-2026,30-01-2026
INV-20260131-00832,31-01-2026,70,193,10,8,5,19,15-01-2026,06-01-2026
INV-20260131-00833,31-01-2026,70,167,1,11,11,29,12-01-2026,30-01-2026
INV-20260131-00834,31-01-2026,70,49,244,3,29,74,,02-01-2026
INV-20260131-00835,31-01-2026,70,179,100,0,10,33,,28-01-2026
INV-20260131-00836,31-01-2026,70,121,67,20,16,30,16-01-2026,31-01-2026
INV-20260131-00837,31-01-2026,70,86,20,41,6,14,26-12-2025,12-01-2026
INV-20260131-00838,31-01-2026,70,10,5,97,39,90,09-01-2026,01-01-2026
INV-20260131-00839,31-01-2026,70,311,177,1,12,27,28-01-2026,11-01-2026
INV-20260131-00840,31-01-2026,27,160,60,2,16,42,03-01-2026,23-01-2026
INV-20260131-00841,31-01-2026,27,31,1,29,39,86,,01-01-2026
INV-20260131-00842,31-01-2026,27,254,0,5,14,54,10-01-2026,28-01-2026
INV-20260131-00843,31-01-2026,27,179,54,36,9,32,25-01-2026,25-01-2026
INV-20260131-00844,31-01-2026,27,292,1,10,6,19,21-01-2026,07-01-2026
INV-20260131-00845,31-01-2026,27,170,6,18,8,24,17-12-2025,04-01-2026
INV-20260131-00846,31-01-2026,27,34,6,20,37,119,30-12-2025,28-01-2026
INV-20260131-00847,31-01-2026,27,22,69,-6,36,112,04-01-2026,18-01-2026
INV-20260131-00848,31-01-2026,27,11,205,1,33,71,19-01-2026,13-01-2026
INV-20260131-00850,31-01-2026,27,101,10,6,8,23,26-12-2025,27-01-2026
INV-20260131-00851,31-01-2026,27,187,135,3,13,39,22-01-2026,
INV-20260131-00852,31-01-2026,27,127,20,0,20,43,12-01-2026,30-01-2026
INV-20260131-00853,31-01-2026,27,294,46,46,18,53,21-12-2025,06-01-2026
INV-20260131-00854,31-01-2026,27,202,49,5,15,57,03-01-2026,19-01-2026
INV-20260131-00855,31-01-2026,27,271,10,0,19,70,12-01-2026,23-01-2026
INV-20260131-00856,31-01-2026,27,306,35,1,13,43,28-12-2025,19-01-2026
INV-20260131-00857,31-01-2026,27,303,113,-14,9,19,13-01-2026,18-01-2026
INV-20260131-00858,31-01-2026,27,228,45,1,17,32,22-01-2026,15-01-2026
INV-20260131-00859,31-01-2026,27,32,95,9,16,64,17-01-2026,
INV-20260131-00860,31-01-2026,27,308,19,38,11,44,22-01-2026,17-01-2026
INV-20260131-00861,31-01-2026,27,91,14,7,11,32,31-12-2025,21-01-2026
INV-20260131-00862,31-01-2026,27,300,59,45,9,35,31-01-2026,24-01-2026
INV-20260131-00864,31-01-2026,27,141,19,7,12,19,28-01-2026,
INV-20260131-00865,31-01-2026,27,109,7,17,20,65,13-01-2026,
INV-20260131-00866,31-01-2026,27,121,14,0,7,22,21-12-2025,
INV-20260131-00867,31-01-2026,27,153,13,0,8,14,23-12-2025,31-01-2026
INV-20260131-00868,,27,230,12,50,7,15,18-12-2025,10-02-2026
INV-20260131-00869,31-01-2026,27,252,2,32,5,10,26-01-2026,10-01-2026
INV-20260131-00870,31-01-2026,27,243,20,43,6,20,28-01-2026,21-01-2026
INV-20260131-00871,31-01-2026,27,171,11,6,18,28,,01-01-2026
INV-20260131-00872,,27,89,44,3,19,47,,20-01-2026
INV-20260131-00873,31-01-2026,5,112,9,4,17,37,26-01-2026,06-01-2026
INV-20260131-00874,31-01-2026,5,202,62,5,9,31,,30-01-2026
INV-20260131-00875,31-01-2026,5,60,24,61,24,65,06-01-2026,19-01-2026
INV-20260131-00876,31-01-2026,5,185,2,0,11,38,20-01-2026,01-01-2026
INV-20260131-00877,31-01-2026,5,178,62,2,12,31,31-12-2025,10-01-2026
INV-20260131-00878,31-01-2026,5,37,59,2,38,119,10-01-2026,20-01-2026
INV-20260131-00880,31-01-2026,5,134,19,9,20,31,21-01-2026,
INV-20260131-00881,31-01-2026,5,278,3,7,5,8,21-01-2026,10-01-2026
INV-20260131-00882,31-01-2026,5,38,10,1,37,119,05-01-2026,02-01-2026
INV-20260131-00883,31-01-2026,5,245,18,2,17,61,11-01-2026,10-01-2026
INV-20260131-00884,31-01-2026,5,116,13,8,9,35,11-01-2026,03-01-2026
INV-20260131-00885,31-01-2026,5,12,44,19,25,47,14-01-2026,21-01-2026
INV-20260131-00886,31-01-2026,5,262,4,3,11,29,18-01-2026,07-01-2026
INV-20260131-00887,31-01-2026,5,289,19,4,14,29,27-12-2025,19-01-2026
INV-20260131-00888,31-01-2026,5,246,8,5,18,63,24-12-2025,11-01-2026
INV-20260131-00889,31-01-2026,5,244,73,49,11,27,16-01-2026,20-01-2026
INV-20260131-00890,31-01-2026,5,240,18,2,14,33,10-01-2026,07-01-2026
INV-20260131-00891,31-01-2026,5,133,12,4,18,51,15-01-2026,19-01-2026
INV-20260131-00892,31-01-2026,5,29,12,-17,18,54,25-01-2026,12-01-2026
INV-20260131-00893,31-01-2026,5,22,1,5,39,91,29-01-2026,31-01-2026
INV-20260131-00894,31-01-2026,5,224,1,5,6,24,18-01-2026,16-01-2026
INV-20260131-00895,31-01-2026,5,7,2,5,23,41,29-01-2026,17-01-2026
INV-20260131-00896,31-01-2026,5,248,9,0,5,12,26-01-2026,13-01-2026
INV-20260131-00897,31-01-2026,5,221,17,0,20,52,12-01-2026,
INV-20260131-00898,31-01-2026,5,162,211,6,12,42,19-01-2026,12-01-2026
INV-20260131-00899,31-01-2026,5,71,96,44,6,21,19-12-2025,30-01-2026
INV-20260131-00900,31-01-2026,54,26,188,10,23,86,12-01-2026,16-01-2026
